{
    "frame": 5,
    "camera_angle_x": 0.6911112070083618,
    "camera_data": [
        {
            "file_path": "./example_render.png",
            "rotation": -1.5513412952423096,
            "transform_matrix": [
                [
                    -0.12533333897590637,
                    0.9921147227287292,
                    6.05359717908982e-09,
                    -6.15287731875469e-08
                ],
                [
                    -0.9901570081710815,
                    -0.12508602440357208,
                    0.06279054284095764,
                    -1.9147200873703696e-06
                ],
                [
                    0.06229541450738907,
                    0.007869741879403591,
                    0.9980267286300659,
                    -113.52444458007812
                ],
                [
                    -0.0,
                    0.0,
                    -0.0,
                    1.0
                ]
            ]
        }
    ]
        
}